,en,ru,tr,vi,es,pt,it,id,fr,de,ar,zh,hi,ko,ja
2,Exit,Выход,Çıkış,Lối ra,Salida,Saída,Uscita,Keluar,Sortie,Ausfahrt,مخرج,出口,निकास,출구,出口
3,Gift,Подарок,Hediye,Quà,Regalo,Presente,Regalo,Hadiah,Cadeau,Geschenk,هدية,礼物,उपहार,선물,贈り物
4,Message,Сообщение,Mesaj,Tin nhắn,Mensaje,Mensagem,Messaggio,Pesan,Message,Nachricht,رسالة,信息,संदेश,메시지,メッセージ
5,Sale,Распродажа,İndirim,Giảm giá,Venta,Venda,Vendita,Penjualan,Vente,Verkauf,أُوكَازيُون,销售,बिक्री,판매,セール
6,Tournament,Турнир,Turnuva,Giải đấu,Torneo,Torneio,Torneo,Turnamen,Tournoi,Turnier,المسابقة,比赛,टूर्नामेंट,토너먼트,トーナメント
7,VIP,VIP,VİP,VIP,VIP,VIP,VIP,VIP,VIP,VIP,VIP,VIP,VIP,VIP,VIP
8,Profile,Профиль,Profil,Tài khoản,Perfil,Perfil,Profilo,Profil,Profil,Profil,حساب تعريفي,用户档案,प्रोफ़ाइल,프로필,プロフィール
9,More games,Другие игры,Daha fazla oyun,Trò chơi khác,Más juegos,Mais jogos,Più giochi,Permainan kami,Plus de jeux,Mehr Spiele,المزيد من الألعاب,更多游戏,अधिक खेल,더 많은 게임,他のゲーム
10,Settings,Настройки,Ayarlar,Tùy chọn,Ajustes,Opções,Opzioni,Setting,Paramètres,Optionen,إعدادات,选项,समायोजन,선택사항,設定
11,News,Новости,Haberler,Tin tức,Noticias,Notícias,Notizia,Berita,Nouvelles,Nachricht,أخبار,新闻,समाचार,소식,ニュース
12,Back,Назад,Geri,Lưng,Atrás,Voltar,Indietro,Belakang,Dos,Zurück,عودة,后面的,पीछे,뒤로,戻る
13,Create,Создать,Yaratmak,Tạo nên,Crear,Criar,Creare,Membuat,Créer,Erstellen,يخلق,创造,बनाएं,만들기,作成
14,Offline,Оффлайн,Çevrimdışı,Ngoại tuyến,Offline,Offline,Offline,Luring,Hors ligne,Offline,دون اتصال,离线,ऑफलाइन,오프라인,オフライン
15,Daily,Пазл дня,Günlük,Hằng ngày,A diario,Diário,Quotidiano,Sehari-hari,Quotidien,Täglich,يوميًا,日常的,दैनिक,일일,毎日
16,Categories,Категории,Kategoriler,Thể loại,Categorías,Categorias,Categorie,Kategori,Catégories,Kategorien,فئات,类别,श्रेणियाँ,카테고리,カテゴリー
17,Load game,Загрузить игру,Oyunu yükle,Tiếp tục trò chơi,Carga el juego,Carregar jogo,Carica gioco,Muat permainan,Charger le jeu,Spiel laden,حمولة لعبة,加载游戏,खेल लोड करें,게임을 불러오다,ゲームをロード
18,Create puzzle,Создать пазл,Bulmaca Oluştur,Tạo câu đố,Crear rompecabezas,Criar quebra-cabeça,Crea puzzle,Buat teka-teki,Créer énigmes,Rätsel erstellen,إنشاء اللغز,创建难题,पहेली बनाएं,퍼즐을 만듭니다,パズルを作成します
19,NEW GAME/28,НОВАЯ ИГРА/28,YENİ OYUN/28,TRÒ CHƠI MỚI/26,NUEVO JUEGO/28,NOVO JOGO/28,NUOVO GIOCO/28,PERMAINAN BARU/24,NOUVEAU JEU/28,NEUES SPIEL/28,لعبة جديدة/28,新游戏/28,नया खेल/28,새로운 게임/28,新しいゲーム/28
20,Hint,Подсказка,İpucu,Lời khuyên,Pista,Dica,Suggerire,Petunjuk,Indice,Hinweis,فكرة,线索,मदद,힌트,ヒント
21,Zoom in,Приблизить,Yakınlaştır,Phóng to,Acercar,Ampliar,Ingrandire,Perbesar,Agrandir,Hineinzoomen,تكبير,放大,ज़ूम इन,줌 인,ズームイン
22,Zoom out,Отдалить,Uzaklaştır,Thu nhỏ,Reducir,Reduzir,Aumentare,Perkecil,Dézoomer,Rauszoomen,تصغير,缩小,ज़ूम आउट,줌 아웃,ズームアウト
23,Sample,Образец,Örnek,Vật mẫu,Muestra,Amostra,Campione,Sampel,Échantillon,Probe,عينة,样本,नमूना,견본,サンプル
24,Shuffle,Перемешать,Karıştır,Xáo trộn,Barajar,Embaralhar,Mescolare,Mengocok,Mélanger,Mischen,خلط,洗牌,फेरबदल,혼합,シャッフル
25,Show edges,Рамка пазла,Kenarları,Các cạnh,Bordes,Bordas,Mostra bordi,Tepi,Bords,Kanten zeigen,حواف,显示边缘,किनारों,가장자리,エッジを表示
26,Time:,Время:,Zaman:,Thời gian:,Tiempo:,Tempo:,Tempo:,Waktu:,Temps:,Zeit:,وقت:,时间：,समय:,총 시간:,時間：
27,Progress:,Прогресс:,İlerlemek:,Tiến độ:,Progreso:,Progresso:,Progresso:,Kemajuan:,Progrès:,Fortschritt:,تقدم:,进步：,प्रगति:,진행:,進捗：
28,Music,Музыка,Müzik,Âm nhạc,Música,Música,Musica,Musik,Musique,Musik,موسيقى,音乐,संगीत,음악,音楽
29,Sound,Звук,Ses,Âm thanh,Sonido,Som,Suono,Bunyi,Sonore,Klang,الصوت,声音,आवाज़,소리,音
30,Restore purchases,Восстановить покупки,Satın Alımları Geri Yükle,Khôi phục mua hàng,Restaurar las compras,Restaurar compras,Ripristinare gli acquisti,Mengembalikan pembelian,Restaurer les achats,Einkäufe wiederherstellen,استعادة المشتريات,恢复购买,खरीदारी वापस लौटाएं,구매를 복원,購入を復元
31,Change user consent,Изменить пользовательское согласие,Kullanıcı iznini değiştir,Thay đổi sự đồng ý của người dùng,Cambiar el consentimiento del usuario,Alterar o consentimento do usuário,Cambia il consenso dell'utente,Ubah persetujuan pengguna,Modifier le consentement de l'utilisateur,Benutzereinwilligung ändern,تغيير موافقة المستخدم,更改用户同意,उपयोगकर्ता सहमति बदलें,사용자 동의를 변경하십시오,ユーザーの同意を変更します
32,Privacy Policy,Политика Конфиденциальности,Gizlilik Politikası,Chính sách bảo mật,Política de Privacidad,Política de Privacidade,Politica sulla Riservatezza,Kebijakan Pribadi,Politique de Confidentialité,Datenschutz-Bestimmungen,سياسة الخصوصية,隐私政策,गोपनीयता नीति,개인 정보 정책,プライバシーポリシー
33,Terms of Use,Условия Использования,Kullanım Şartları,Điều khoản sử dụng,Condiciones de Uso,Termos de Uso,Termini di Utilizzo,Syarat Penggunaan,Conditions d'utilisation,Nutzungsbedingungen,شروط الاستخدام,使用条款,उपयोग की शर्तें,이용약관,利用規約
34,Language,Язык,Dil,Ngôn ngữ,Idioma,Linguagem,Lingua,Bahasa,Langue,Sprache,لغة,语言,भाषा,언어,言語
35,Info,Об игре,Bilgi,Thông tin,Información,Info,Informazioni,Info,Info,Info,معلومات,信息,जानकारी,정보,情報
36,Achievements,Достижения,Oyun Başarıları,Thành tựu,Logros del juego,Conquistas do jogo,Risultati,Prestasi,Réalisations,Spielleistunge,الإنجازات,成就,उपलब्धियों,업적,成果
37,Leaderboards,Рейтинг,Skor Tabloları,Bảng thi đấu,Tablas de clasificación,Tabelas de classificação,Classifiche,Papan peringkat,Classements,Bestenlisten,المتصدرين,排行榜,लीडरबोर्ड,리더 보드,ランキング
38,Share,Поделиться,Paylaş,Chia sẻ,Compartir,Compartilhar,Condividere,Membagikan,Partager,Aktie,شارك هذا,分享,शेयर करना,공유하다,共有
39,To album,В альбом,Albüm,Lưu vào album,Al álbum,Salvar no álbum,Salva in album,Ke album,Vers l'album,Zum Album,إلى الألبوم,保存到专辑,एल्बम को,앨범에,アルバムに
40,Download,Скачать,İndirmek,Tải xuống,Descargar,Download,Scaricamento,Unduh,Télécharger,Herunterladen,تحميل,下载,डाउनलोड,다운로드,ダウンロード
41,Invite,Пригласить,Davet,Mời,Invitar,Convidar,Invitare,Mengundang,Inviter,Einladen,دعوة,邀请,आमंत्रण,초대하다,招待
42,Realistic game mode,Реалистичный режим,Gerçekçi oyun modu,Chế độ trò chơi thực tế,Modo de juego realista,Modo de jogo realista,Modalità di gioco realistica,Mode permainan realistis,Mode de jeu réaliste,Realistischer Spielmodus,وضع اللعبة الواقعية,现实的游戏模式,यथार्थवादी खेल मोड,현실적인 게임 모드,現実的なゲームモード
43,Left-handed navigation,Леворукая навигация,Solak Navigasyon,Điều hướng thuận tay trái,Navegación zurda,Navegação canhota,Navigazione per mancini,Navigasi tangan kiri,Navigation gaucher,Linkshändige Navigation,الملاحة اليسرى,左撇子导航,बाएं हाथ का नेविगेशन,왼손잡이 탐색,左利きのナビゲーション
44,Portrait orientation,Портретная ориентация,Portre oryantasyonu,Hướng dọc,Orientación vertical,Orientação retrato,Orientamento verticale,Orientasi tegak,Orientation portrait,Portrait Ausrichtung,اتجاه عمودي,纵向方向,चित्र अभिविन्यास,초상화 방향,ポートレートオリエンテーション
45,Saved games not found,Сохраненные игры не найдены,Kaydedilen oyunlar bulunamadı,Không tìm thấy các trò chơi đã lưu,Juegos guardados no encontrados,Jogos salvos não encontrados,Giochi salvati non trovati,Permainan tersimpan tidak ditemukan,Jeux sauvegardés introuvables,Gespeicherte Spiele nicht gefunden,لم يتم العثور على الألعاب المحفوظة,没有找到保存的游戏,बचाया खेल नहीं मिला,저장된 게임을 찾을 수 없습니다,保存されたゲームが見つかりませんでした
46,Congratulations!/26,Поздравляем!/26,Tebrikler!/26,Xin chúc mừng!/26,¡Felicitaciones!/26,Parabéns!/26,Congratulazioni!/26,Selamat!/26,Félicitations!/26,Glückwunsch!/26,مبروك!/26,恭喜！/26,बधाई हो!/26,축하합니다!/26,おめでとう！/26
47,You have solved a jigsaw puzzle with / pieces!/14,Вы собрали пазл из / элементов!/16,/ Parçalı bir yapboz çözdün!/16,Bạn đã giải xong một trò chơi ghép hình có / miếng!/14,¡Has resuelto un rompecabezas de / piezas!/14,Você resolveu um quebra-cabeça com / peças!/14,Hai risolto un puzzle con / pezzi!/16,Anda telah memecahkan teka-teki dengan / buah!/14,Vous avez résolu un puzzle de / pièces !/16,Sie haben ein Puzzle mit / Teilen gelöst!/16,لقد حللت أحجية من / قطع! /16,你已经解决了 / 块拼图！/16,आपने / टुकड़ों वाली एक पहेली हल कर ली है!/14,/개의 조각이 있는 직소 퍼즐을 풀었습니다!/14,/ピースのジグソーパズルを解いたぞ！/14
48,Select a puzzle piece whose position you want to know/20,"Выберите элемент, положение которого хотите узнать/20",Pozisyonunu bilmek istediğiniz bir bulmaca parçası seçin/20,Chọn một mảnh ghép có vị trí bạn muốn biết/22,Seleccione una pieza de rompecabezas cuya posición desee saber/20,Selecione uma peça do quebra-cabeça cuja posição você deseja saber/18,Seleziona un pezzo di puzzle la cui posizione vuoi sapere/20,Pilih potongan teka-teki yang ingin Anda ketahui posisinya/20,Sélectionnez une pièce des énigmes dont vous voulez connaître la position/16,"Wählen Sie ein Puzzleteil aus, dessen Position Sie wissen möchten/20",حدد قطعة ألغاز تريد أن تعرف موقعها/22,选择一块你想知道其位置的拼图/24,एक पहेली टुकड़ा चुनें जिसकी स्थिति आप जानना चाहते हैं/22,위치를 알고 싶은 퍼즐 조각 선택/24,位置を知りたいパズルピースを選択/24
49,NO SEARCH RESULTS :(/Please try another search request/20,"НИЧЕГО НЕ НАЙДЕНО :(/Пожалуйста, попробуйте сделать другой запрос/20",ARAMA SONUCU YOK :(/Lütfen başka bir arama isteği deneyin/20,KHÔNG CÓ KẾT QUẢ TÌM KIẾM :(/Vui lòng thử một yêu cầu tìm kiếm khác/20,SIN RESULTADOS DE BÚSQUEDA :(/intente otra solicitud de búsqueda/20,SEM RESULTADOS DE PESQUISA :(/por favor tente outra solicitação de pesquisa/18,NESSUN RISULTATO DI RICERCA :(/Prova un'altra richiesta di ricerca/18,TIDAK ADA HASIL PENCARIAN :(/Silakan coba permintaan pencarian lainnya/20,AUCUN RESULTAT DE RECHERCHE :(/Veuillez essayer une autre requête de recherche/18,KEINE SUCHERGEBNISSE :(/Bitte versuchen Sie es mit einer anderen Suchanfrage/20,لا توجد نتائج بحث: (/يرجى تجربة طلب بحث آخر/20,无搜索结果 :(/请尝试其他搜索请求/20,कोई खोज परिणाम नहीं :(/कृपया अन्य खोज अनुरोध का प्रयास करें/18,검색 결과 없음 : (/다른 검색 요청을 시도하십시오/20,検索結果はありません:(/別の検索リクエストを試してください/20
50,Exit,Выход,Çıkış,Lối ra,Salida,Saída,Uscita,Keluar,Sortie,Ausfahrt,مخرج,出口,निकास,출구,出口
51,Effect of/compound/12,Эффект/соединения/12,Bileşiğin/etkisi/12,Hiệu ứng của/hợp chất/12,Efecto del/compuesto/12,Efeito de/composto/12,Effetto del/composto/12,Efek/koneksi/12,Effet du/composé/12,Wirkung von/Verbindung/12,تأثير/مركب/12,化合物/的作用/12,यौगिक का/प्रभाव/12,복합 효과//12,接続効果//12
52,Snap to/grid/12,Привязка/к сетке/12,Izgaraya/yasla/12,Chụp vào/lưới/12,Ajustar a/cuadrícula/12,Encaixe na/grade/12,Aggancia alla/griglia/12,Jepret ke/kisi/12,Accrocher à/la grille/12,Am Gitter/einrasten/12,انجذاب/عنصر للشبكة/12,捕捉到/网格/12,स्नैप टू/ग्रिड/12,그리드에/스냅/12,グリッドに/スナップ/12
53,Show grid//12,Отображение/сетки/12,Izgarayı/göster/12,Hiển thị/lưới/12,Mostrar/cuadrícula/12,Mostrar/grade/12,Mostra/griglia/12,Tampilkan/kisi/12,Afficher/la grille/12,Raster/anzeigen/12,عرض /شبكة العناصر/12,显示网格//12,शो ग्रिड//12,그리드 표시//12,グリッド/を表示/12
54,Lock view//12,Блокировка/вида/12,Görünümü/kilitle/12,Chế độ/xem khóa/12,Bloquear/vista/12,Bloquear/visualização/12,Blocca/vista/12,Kunci/tampilan/12,Verrouiller/la vue/12,Ansicht/sperren/12,حجب/ المنظر/12,锁定视图//12,लॉक व्यू//12,잠금보기//12,ビューを/ロック/12
55,Lock/elements/12,Блокировка/элементов/12,Elemanları/kilitle/12,Khóa/phần tử/12,Bloquear/elementos/12,Bloquear/itens/12,Blocca gli/elementi/12,Kunci/elemen/12,Verrouiller les/éléments/12,Elemente/sperren/12,حجب /العناصر/12,锁定元素//12,तत्व को/लॉक करें/12,요소를/잠급니다/12,エレメントを/ロックする/12
56,Background/28,Фон/28,Arka Plan/28,Bối cảnh/28,Fondo/28,Fundo/28,Sfondo/28,Latar Belakang/28,Arrière-plan/28,Hintergrund/28,خلفية/28,背景/28,पृष्ठभूमि/28,배경/28,背景/28
57,Favorite Puzzles/Developer/Konstantin Radchenko/20,Favorite Puzzles/Разработчик/Константин Радченко/20,Favorite Puzzles/Geliştirici/Konstantin Radchenko/20,Favorite Puzzles/Nhà phát triển/Konstantin Radchenko/20,Favorite Puzzles/Desarrollador/Konstantin Radchenko/20,Favorite Puzzles/Desenvolvedor/Konstantin Radchenko/20,Favorite Puzzles/Sviluppatore/Konstantin Radchenko/20,Favorite Puzzles/Pengembang/Konstantin Radchenko/20,Favorite Puzzles/Développeur/Konstantin Radchenko/20,Favorite Puzzles/Entwickler/Konstantin Radchenko/20,Favorite Puzzles/المطور/Konstantin Radchenko/20,Favorite Puzzles/开发人员/Konstantin Radchenko/20,Favorite Puzzles/डेवलपर/Konstantin Radchenko/20,Favorite Puzzles/개발자/Konstantin Radchenko/20,Favorite Puzzles/開発者/Konstantin Radchenko/20
58,Do you really want to quit the game?/24,Вы действительно хотите выйти из игры?/24,Gerçekten oyundan çıkmak ister misin?/24,Bạn có thực sự muốn bỏ trò chơi không?/24,¿De verdad quieres dejar el juego?/24,Você realmente quer sair do jogo?/24,Vuoi davvero lasciare il gioco?/24,Apakah Anda benar-benar ingin keluar dari permainan?/24,Voulez-vous vraiment quitter le jeu ?/24,Wollen Sie das Spiel wirklich beenden?/24,هل تريد حقًا ترك اللعبة؟/24,你真的想退出游戏吗？/24,क्या आप वास्तव में खेल छोड़ना चाहते हैं?/24,게임을 종료하시겠습니까?/24,あなたは本当にゲームをやめたいですか？/24
59,Do you really want to delete this saved game?/24,Вы действительно хотите удалить эту сохраненную игру?/24,Bu kaydedilen oyunu gerçekten silmek istiyor musunuz?/24,Bạn có thực sự muốn xóa trò chơi đã lưu này không?/24,¿De verdad quieres eliminar este juego guardado?/24,Você realmente quer excluir este jogo salvo?/24,Vuoi davvero eliminare questo gioco salvato?/24,Apakah Anda benar-benar ingin menghapus permainan tersimpan ini?/24,Voulez-vous vraiment supprimer cette partie sauvegardée ?/24,Wollen Sie dieses gespeicherte Spiel wirklich löschen?/24,هل تريد حقًا حذف هذه اللعبة المحفوظة؟/24,您真的想删除这个保存的游戏吗？/24,क्या आप वास्तव में इस बचाया खेल को हटाना चाहते हैं?/24,이 저장된 게임을 정말로 삭제하고 싶습니까?/24,あなたは本当にこの保存されたゲームを削除したいですか？/24
60,Would you like to watch an ad to unlock this image?/24,"Хотите посмотреть рекламу, чтобы разблокировать это изображение?/24",Bu resmin kilidini açmak için bir reklam izlemek ister misiniz?/24,Bạn có muốn xem một quảng cáo để mở khóa hình ảnh này không?/24,¿Te gustaría ver un anuncio para desbloquear esta imagen?/24,Você gostaria de assistir a um anúncio para desbloquear esta imagem?/24,Ti piacerebbe guardare un annuncio per sbloccare questa immagine?/24,Apakah Anda ingin menonton iklan untuk membuka kunci gambar ini?/24,Souhaitez-vous regarder une publicité pour déverrouiller cette image ?/24,"Möchten Sie eine Anzeige ansehen, um dieses Bild freizuschalten?/24",هل ترغب في مشاهدة إعلان لإلغاء قفل هذه الصورة؟/24,您想看广告以解锁此图像吗？/24,क्या आप इस छवि को अनलॉक करने के लिए एक विज्ञापन देखना चाहेंगे?/24,이 이미지의 잠금을 해제하기 위해 광고를 보시겠습니까?/24,この画像のロックを解除するために広告を見たいですか？/24
61,Views: 0/3,Просмотрено: 0/3,Görünümler: 0/3,Đã xem: 0/3,Vistas: 0/3,Visualizações: 0/3,Viste: 0/3,Tampilan: 0/3,Vues : 0/3,Ansichten: 0/3,وجهات النظر: 0/3,视图：0/3,दृश्य: 0/3,본 광고 : 0/3,見た広告：0/3
62,Views: 1/3,Просмотрено: 1/3,Görünümler: 1/3,Đã xem: 1/3,Vistas: 1/3,Visualizações: 1/3,Viste: 1/3,Tampilan: 1/3,Vues : 1/3,Ansichten: 1/3,وجهات النظر: 1/3,视图：1/3,दृश्य: 1/3,본 광고 : 1/3,見た広告：1/3
63,Views: 2/3,Просмотрено: 2/3,Görünümler: 2/3,Đã xem: 2/3,Vistas: 2/3,Visualizações: 2/3,Viste: 2/3,Tampilan: 2/3,Vues : 2/3,Ansichten: 2/3,وجهات النظر: 2/3,视图：2/3,दृश्य: 2/3,본 광고 : 2/3,見た広告：2/3
64,You don't have enough minerals to buy!/Solve puzzles to earn Malachite or buy it in the store/20,"Недостаточно камней для покупки!/Собирайте пазлы, чтобы заработать Малахит или купите его в магазине/20",Satın alacak kadar mineraliniz yok!/Malakit kazanmak veya mağazadan satın almak için bulmacaları çözün/20,Bạn không có đủ khoáng sản để mua!/Giải câu đố để kiếm Malachite hoặc mua nó trong cửa hàng/20,¡No tienes suficientes minerales para comprar!/Resolver rompecabezas para ganar malachita o comprarla en la tienda/20,Você não tem minerais suficientes para comprar!/Resolva quebra-cabeças para ganhar malaquita ou compre na loja/20,Non hai abbastanza minerali per acquistare!/Risolvi puzzle per guadagnare malachite o acquistarlo nel negozio/20,Anda tidak memiliki cukup mineral untuk dibeli!/Pecahkan teka-teki untuk mendapatkan Malachite atau membelinya di toko/20,Vous n'avez pas assez de minéraux pour acheter !/Résolvez des énigmes pour gagner de la Malachite ou achetez-en dans le magasin/20,"Du hast nicht genug Mineralien zum Kaufen!/Löse Rätsel, um Malachit zu verdienen, oder kaufe es im Laden/20",ليس لديك ما يكفي من المعادن للشراء! / حل الألغاز لكسب المالاكيت أو شرائه من المتجر/20,你没有足够的矿物质来购买！/解决难题以赚取孔雀石或在商店购买/20,आपके पास खरीदने के लिए पर्याप्त खनिज नहीं हैं!/मैलाकाइट कमाने के लिए पहेलियों को हल करें या इसे स्टोर में खरीदें/20,살 광물이 부족해요!/퍼즐을 풀고 말라카이트를 얻거나 상점에서 사세요/20,購入するのに十分な鉱物がありません!/パズルを解いてマラカイトを獲得するか、店で購入してください/20
65,Do you really want to buy this image?/24,Вы действительно хотите купить это изображение?/24,Bu resmi gerçekten satın almak istiyor musunuz?/24,Bạn có thực sự muốn mua hình ảnh này không?/24,¿De verdad quieres comprar esta imagen?/24,Você realmente quer comprar esta imagem?/24,Vuoi davvero acquistare questa immagine?/24,Apakah Anda benar-benar ingin membeli gambar ini?/24,Voulez-vous vraiment acheter cette image ?/24,Möchten Sie dieses Bild wirklich kaufen?/24,هل تريد حقًا شراء هذه الصورة؟/24,您真的想购买此图像吗？/24,क्या आप वास्तव में इस छवि को खरीदना चाहते हैं?/24,이 이미지를 정말로 사고 싶니?/24,本当にこの画像を購入したいですか？/24
66,Do you really want to buy this category?/24,Вы действительно хотите купить эту категорию?/24,Bu kategoriyi gerçekten satın almak istiyor musunuz?/24,Bạn có thực sự muốn mua danh mục này?/24,¿De verdad quieres comprar esta categoría?/24,Você realmente quer comprar esta categoria?/24,Vuoi davvero acquistare questa categoria?/24,Apakah Anda benar-benar ingin membeli kategori ini?/24,Voulez-vous vraiment acheter cette catégorie ?/24,Möchten Sie diese Kategorie wirklich kaufen?/24,هل تريد حقًا شراء هذه الفئة؟/24,你真的想买这个品类吗？/24,क्या आप वाकई इस श्रेणी को खरीदना चाहते हैं?/24,정말 이 카테고리를 구매하시겠습니까?/24,本当にこのカテゴリを購入しますか?/24
67,Watch an ad to get 1 hint/or buy more hints in the store/24,"Посмотрите рекламу, чтобы получить 1 подсказку/или купите больше подсказок в магазине/24",1 ipucu almak için bir reklam izleyin/veya mağazada daha fazla ipucu satın alın/24,Xem một quảng cáo để nhận được 1 gợi ý/hoặc mua thêm gợi ý trong cửa hàng/24,Mire un anuncio para obtener 1 pista/o comprar más pistas en la tienda/24,Assista a um anúncio para obter 1 dica/ou comprar mais dicas na loja/24,Guarda un annuncio per ottenere 1 suggerimento/o acquistare altri suggerimenti nel negozio/24,Tonton iklan untuk mendapatkan 1 petunjuk/atau beli lebih banyak petunjuk di toko/24,Regardez une annonce pour obtenir 1 indice/ou achetez plus d'indices dans le magasin/24,"Sehen Sie sich eine Anzeige an, um 1 Hinweis zu erhalten/oder kaufen Sie weitere Hinweise im Geschäft/24",شاهد إعلانًا للحصول على تلميح واحد/أو شراء المزيد من التلميحات في المتجر/24,观看广告获得 1 次提示/或在商店中购买更多提示/24,1 संकेत प्राप्त करने के लिए एक विज्ञापन/देखें या स्टोर में अधिक संकेत खरीदें/24,1 힌트를 얻거나 상점에서/더 많은 힌트를 구매하려면 광고를보고/24,広告を見てヒントを 1 つ取得するか、/ストアでヒントをさらに購入します/24
68,You don't have enough minerals for hint!/Solve puzzles to earn Malachite or buy it in the store/20,"Недостаточно камней для подсказки!/Собирайте пазлы, чтобы заработать Малахит или купите его в магазине/20",İpucu için yeterli mineraliniz yok!/Malakit kazanmak veya mağazadan satın almak için bulmacaları çözün/20,Bạn không có đủ khoáng chất để nhận gợi ý!/Giải câu đố để kiếm Malachite hoặc mua nó trong cửa hàng/20,¡No tienes suficientes minerales para pista!/Resolver rompecabezas para ganar la malaquita o comprarla en la tienda/20,Você não tem minerais suficientes para a dica!/Resolva quebra-cabeças para ganhar malaquita ou compre na loja/20,Non hai abbastanza minerali per il suggerimento!/Risolvi puzzle per guadagnare malachite o acquistarlo nel negozio/20,Anda tidak memiliki cukup mineral untuk petunjuk!/Pecahkan teka-teki untuk mendapatkan Malachite atau membelinya di toko/20,Vous n'avez pas assez de minéraux pour un indice !/Résolvez des énigmes pour gagner de la Malachite ou achetez-en dans le magasin/20,"Du hast nicht genug Mineralien für Hinweise!/Löse Rätsel, um Malachit zu verdienen oder kaufe es im Laden/20",ليس لديك ما يكفي من المعادن للتلميحات! / حل الألغاز لكسب المالاكيت أو شرائه من المتجر/20,您没有足够的矿物质来获得提示！/解决难题以赚取孔雀石或在商店购买/20,आपके पास संकेत के लिए पर्याप्त खनिज नहीं हैं!/मैलाकाइट कमाने के लिए पहेलियों को हल करें या इसे स्टोर में खरीदें/20,힌트를 줄 광물이 부족합니다!/퍼즐을 풀어 말라카이트를 얻거나 상점에서 구입하세요/20,ヒントに十分なミネラルがありません!/パズルを解いてマラカイトを獲得するか、ストアで購入してください/20
69,No internet connection!/26,Отсутствует подключение к интернету!/26,İnternet bağlantısı yok!/26,Không có kết nối internet!/26,¡Sin conexión a Internet!/26,Sem conexão com a Internet!/26,Nessuna connessione Internet!/26,Tidak ada koneksi internet!/26,Pas de connexion internet !/26,Keine Internetverbindung!/26,لا يوجد اتصال بالإنترنت!/26,没有互联网连接！/26,कोई इंटरनेट कनेक्शन नहीं!/26,인터넷 연결 없음!/26,インターネット接続はありません！/26
70,Local image not found!/26,Локальное изображение не найдено!/26,Yerel görüntü bulunamadı!/26,Hình ảnh địa phương không tìm thấy!/26,Imagen local no encontrada!/26,Imagem local não encontrada!/26,Immagine locale non trovata!/26,Gambar lokal tidak ditemukan!/26,Image locale introuvable !/26,Lokales Image nicht gefunden!/26,الصورة المحلية لم يتم العثور عليها!/26,找不到本地图像！/26,स्थानीय छवि नहीं मिली!/26,로컬 이미지를 찾을 수 없습니다!/26,ローカル画像が見つかりません！/26
71,"WARNING!/Failed to save the game, the storage is full!/Delete completed puzzles or puzzles created from your photos to free up space/20","ВНИМАНИЕ!/Не удалось сохранить игру, хранилище переполнено!/Удалите завершенные пазлы или пазлы созданные из своих фото, чтобы освободить место/20","UYARI!/Oyun kaydedilemedi, depolama alanı dolu!/Belleği boşaltmak için tamamlanmış bulmacaları veya fotoğraflarınızdan oluşturulan bulmacaları silin/18","Cảnh báo!/Không thể lưu trò chơi, bộ nhớ đã đầy!/Xóa các câu đố hoặc câu đố đã hoàn thành được tạo từ ảnh của bạn để giải phóng không gian/20","¡ADVERTENCIA!/¡Error al guardar el juego, el almacenamiento está lleno!/Elimina los rompecabezas completados o los creados a partir de tus fotos para liberar espacio/18","AVISO!/Falha ao salvar o jogo, o armazenamento está cheio!/Exclua quebra-cabeças concluídos ou criados a partir de suas fotos para liberar espaço/20","ATTENZIONE!/Impossibile salvare il gioco, lo spazio di archiviazione è pieno!/Elimina i puzzle completati o i puzzle creati dalle tue foto per liberare spazio/20","PERINGATAN!/Gagal menyimpan game, penyimpanan penuh!/Hapus teka-teki yang sudah selesai atau teka-teki yang dibuat dari foto Anda untuk mengosongkan ruang/18","ATTENTION !/Échec de la sauvegarde du jeu, la mémoire est pleine !/Supprimez les enigmes terminés ou créés à partir de vos photos pour libérer de l'espace/18","WARNUNG!/Das Spiel konnte nicht gespeichert werden, der Speicher ist voll!/Löschen Sie abgeschlossene Puzzles oder Puzzles, die aus Ihren Fotos erstellt wurden, um Speicherplatz freizugeben/18",تحذير!/فشل في حفظ اللعبة ، فإن التخزين ممتلئ!/حذف الألغاز أو الألغاز المكتملة التي تم إنشاؤها من صورك إلى تحرير مساحة/20,警告！/无法保存游戏，存储空间已满！/删除完成的拼图或从您的照片创建的拼图以释放空间/20,"चेतावनी!/खेल को बचाने में विफल, भंडारण भरा हुआ है!/स्थान खाली करने के लिए अपनी तस्वीरों से बनाई गई पूर्ण पहेलियों या पहेलियों को हटाएं/20",경고!/게임 저장에 실패했습니다. 저장 공간이 가득 찼습니다!/완성된 퍼즐이나 사진에서 만든 퍼즐을 삭제하여 여유 공간을 확보하세요/20,警告!/ゲームの保存に失敗しました。ストレージがいっぱいです!/完成したパズルまたは写真から作成したパズルを削除してスペースを解放してください/20
72,WARNING!/Ad blocker detected!/Please disable it to use the full functionality of the game/20,"ВНИМАНИЕ!/Обнаружен блокировщик рекламы!/Пожалуйста отключите его, чтобы использовать весь функционал игры/20",UYARI!/Reklam engelleyici algılandı!/Oyunun tüm işlevlerini kullanmak için lütfen devre dışı bırakın/20,CẢNH BÁO!/Đã phát hiện trình chặn quảng cáo!/Vui lòng tắt nó để sử dụng đầy đủ chức năng của trò chơi/20,¡Advertencia!/Bloqueador de anuncios detectado!/Desactíelo para usar la funcionalidad completa del juego/20,AVISO!/Bloqueador de anúncios detectado!/Desative-o para usar todas as funcionalidades do jogo/20,ATTENZIONE!/Rilevato blocco degli annunci!/Disabilitalo per utilizzare tutte le funzionalità del gioco/20,PERINGATAN!/Pemblokir iklan terdeteksi!/Harap nonaktifkan untuk menggunakan fungsionalitas penuh game/20,ATTENTION !/Bloqueur de publicités détecté !/Veuillez le désactiver pour utiliser toutes les fonctionnalités du jeu/20,"WARNUNG!/Werbeblocker erkannt!/Bitte deaktivieren Sie ihn, um die volle Funktionalität des Spiels nutzen zu können/20",تم اكتشاف تحذير!/مانع الإعلان!/يرجى تعطيله لاستخدام الوظائف الكاملة للعبة/20,警告！/检测到广告拦截器！/请禁用它以使用游戏的全部功能/20,चेतावनी!/विज्ञापन अवरोधक का पता चला!/गेम की पूर्ण कार्यक्षमता का उपयोग करने के लिए इसे अक्षम करें/20,경고!/광고 차단기가 감지되었습니다!/게임의 전체 기능을 사용하려면 비활성화하세요/20,警告!/広告ブロッカーが検出されました!/ゲームの全機能を使用するには無効にしてください/20
73,Remove ads,Убрать рекламу,Reklamları kaldır,Xóa quảng cáo,Eliminar anuncios,Remover anúncios,Rimuovi annunci,Hilangkan iklan,Supprimez la pub,Anzeigen entfernen,ازالة الاعلانات,移除广告,विज्ञापन हटाएँ,광고를 제거하다,広告を削除
74,Watch/18,Смотреть/16,İzlemek/16,Xem/18,Mirar/18,Olhar/18,Guarda/18,Tonton/18,Regarder/18,Suchen/18,مشاهدة/18,观看/18,घड़ी/18,시계/18,ウォッチ/18
75,Open/18,Открыть/16,Açık/18,Mở/18,Abierto/18,Abrir/18,Aprire/18,Buka/18,Ouvrir/18,Offen/18,مفتوح/18,开放/18,खुला/18,열려 있는/16,オープン/18
76,Loading/16,Загрузка/16,Yükleme/16,Đang tải/16,Cargando/14,Carregamento/14,Caricamento/14,Memuat/16,Chargement/14,Laden/16,جاري التحميل/16,加载/16,लोडिंग/16,로딩/18,読み込み中/16
77,Buy/18,Купить/18,Satın al/18,Mua/18,Comprar/18,Compre/18,Acquista/18,Beli/18,Acheter/18,Kaufen/18,شراء/18,购买/18,खरीदें/18,구매/18,購入/18
78,♛ Get VIP status/18,♛ Получить VIP/18,♛ VIP statüsü al/18,♛ Nhận trạng thái VIP/18,♛ Obtener estado VIP/18,♛ Obtenha status VIP/18,♛ Ottieni stato VIP/18,♛ Dapatkan status VIP/18,♛ Obtenez le statut VIP/18,♛ VIP-Status erhalten/18,احصل على ♛ حالة VIP/18,获得VIP状态/18,♛ वीआईपी दर्जा प्राप्त करें/18,♛ VIP 상태 얻기/18,♛VIPステータスを取得/18
79,Remove ads/18,Отключить/18,Reklamları kaldır/18,Xóa quảng cáo/18,Eliminar anuncios/18,Remover anúncios/18,Rimuovi annunci/18,Hilangkan iklan/18,Supprimez la pub/18,Anzeigen entfernen/18,إزالة الإعلانات/18,删除广告/18,विज्ञापन हटाएँ/18,광고를 제거하다/18,広告を削除/18
80,Game difficulty/22,Сложность игры/22,Oyun Zorluğu/22,Khó khăn trong trò chơi/22,Dificultad del juego/22,Dificuldade de jogo/22,Difficoltà del gioco/22,Kesulitan permainan/22,Difficulté du jeu/22,Spielschwierigkeit/22,صعوبة اللعبة/22,游戏难度/22,खेल कठिनाई/22,게임 난이도/22,ゲームの難易度/22
81,Without rotation/14,Без поворота/14,Rotasyon olmadan/14,Không có vòng quay/14,Sin rotación/14,Sem rotação/14,Senza rotazione/14,Tanpa rotasi/14,Sans rotation/14,Ohne Drehung/14,بدون دوران/14,无旋转/14,रोटेशन के बिना/14,회전 없음/14,回転なし/14
82,With rotation/14,С поворотом/14,Rotasyon ile/14,Với vòng quay/14,Con rotación/14,Com rotação/14,Con rotazione/14,Dengan rotasi/14,Avec rotation/14,Mit Drehung/14,مع الدوران/14,带旋转/14,रोटेशन के साथ/14,회전 있음/14,回転あり/14
83,Form/14,Форма/14,Form/14,Hình thức/14,Formulario/14,Formulário/14,Modulo/14,Formulir/14,Formulaire/14,Formular/14,النموذج/14,表格/14,फॉर्म/14,양식/14,フォーム/14
84,Form 2/14,Форма 2/14,Form 2/14,Hình thức 2/14,Formulario 2/14,Formulário 2/14,Modulo 2/14,Formulir 2/14,Formulaire 2/14,Formular 2/14,النموذج 2/14,表格2/14,फॉर्म 2/14,양식 2/14,フォーム2/14
85,Time:/20,Время:/20,Zaman:/20,Thời gian:/18,Tiempo:/20,Tempo:/20,Tempo:/20,Waktu:/20,Temps :/20,Zeit:/20,الوقت:/20,时间：/20,समय:/20,시간 :/20,時間：/20
86,Reward:/20,Награда:/20,Ödül:/20,Phần thưởng:/18,Recompensa:/18,Recompensa:/18,Ricompensa:/18,Hadiah:/20,Récompense :/18,Belohnung:/18,الجائزة:/20,奖励：/20,इनाम:/20,보상 :/20,報酬：/20
87,START GAME/22,НАЧАТЬ ИГРУ/22,OYUNU BAŞLATMAK/18,BẮT ĐẦU TRÒ CHƠI/20,INICIAR JUEGO/22,COMECE O JOGO/20,INIZIA GIOCO/22,MULAI PERMAINAN/20,COMMENCER LE JEU/18,SPIEL BEGINNEN/22,ابدأ اللعبة/22,开始游戏/22,खेल शुरू करें/22,게임 시작/22,ゲーム開始/22
88,CONTINUE/22,ПРОДОЛЖИТЬ/22,DEVAM/22,TIẾP TỤC/22,CONTINUAR/22,CONTINUAR/22,CONTINUA/22,LANJUTKAN/22,CONTINUER/22,FORTFAHREN/22,تابع/22,继续/22,जारी रखें/22,계속/22,続行/22
89,Failed to connect to the server with images!/Please try to connect again or switch to offline mode/24,Неудалось подключиться к серверу с изображениями!/Попробуйте подключиться ещё раз или перейдите в оффлайн режим/24,Görüntülerle sunucuya bağlanılamadı!/Lütfen tekrar bağlanmayı deneyin veya çevrimdışı moda geçin/24,Không thể kết nối với máy chủ bằng hình ảnh!/Vui lòng thử kết nối lại hoặc chuyển sang chế độ tự trị/24,¡No se puede conectar al servidor con imágenes!/Intente conectarse nuevamente o cambiar al modo offline/24,Falha ao conectar ao servidor com imagens!/Tente conectar novamente ou mude para o modo offline/24,Impossibile connettersi al server con le immagini!/Prova a connettersi di nuovo o passa alla modalità offline/24,Gagal menyambung ke server dengan gambar!/Harap coba sambungkan lagi atau beralih ke mode luring/24,Échec de la connexion au serveur avec les images !/Veuillez réessayer de vous connecter ou passer en mode hors ligne/22,"Verbindung zum Server mit Bildern fehlgeschlagen!/Versuchen Sie erneut, eine Verbindung herzustellen, oder wechseln Sie in den Offline-Modus/20",فشل في الاتصال بالخادم مع الصور!/يرجى محاولة الاتصال مرة أخرى أو التبديل إلى وضع غير متصل/24,无法使用图像连接到服务器！/请尝试再次连接或切换到离线模式/24,छवियों के साथ सर्वर से कनेक्ट करने में विफल!/कृपया फिर से कनेक्ट करने का प्रयास करें या ऑफ़लाइन मोड पर स्विच करें/24,이미지가 있는 서버에 연결하지 못했습니다!/다시 연결을 시도하거나 오프라인 모드로 전환하세요/24,画像のあるサーバーに接続できませんでした!/もう一度接続を試みるか、オフライン モードに切り替えてください/24
90,Try to connect/16,Подключиться/16,Bağlanmayı dene/15,Kết nối lại/16,Intenta conectar/16,Tente conectar/16,Сonnetterti/16,Sambungkan/16,Connecter/18,Verbinden/16,حاول الاتصال/16,尝试连接/16,पुन: प्रयास करें/16,연결하십시오/16,接続してみる/16
91,Offline/18,Оффлайн/18,Çevrimdışı/18,Ngoại tuyến/18,Offline/18,Offline/18,Offline/18,Luring/18,Hors ligne/18,Offline/18,دون اتصال/18,离线/18,ऑफ़लाइन/18,오프라인/18,オフライン/18
92,OPEN ALL/16,ОТКРЫТЬ ВСЁ/15,HEPSİNİ AÇ/16,MỞ TẤT CẢ/16,ABRIR TODO/16,ABRA TUDO/16,APRI TUTTO/16,BUKA SEMUA/16,OUVRIR TOUS/16,ALLE ÖFFNEN/16,افتح كل/16,全部打开/16,सभी को खोलें/16,모두 열기/16,すべて開く/16
93,Search,Поиск,Ara,Tìm kiếm,Buscar,Procurar,Cercare,Mencari,Chercher,Suchen,يبحث,搜索,खोज,검색,検索
94,Animals/14,Животные/14,Hayvanlar/14,Động vật/14,Animales/14,Animais/14,Animali/14,Hewan/14,Animaux/14,Tiere/14,الحيوانات/14,动物/14,जानवर/14,동물/14,動物/14
95,Nature/14,Природа/14,Nature/14,Thiên nhiên/14,Naturaleza/14,Natureza/14,Natura/14,Alam/14,Nature/14,Natur/14,الطبيعة/14,自然/14,प्रकृति/14,네이처/14,自然/14
96,Flowers/14,Цветы/14,Çiçekler/14,Hoa/14,Flores/14,Flores/14,Fiori/14,Bunga/14,Fleurs/14,Blumen/14,الزهور/14,花/14,फूल/14,꽃/14,花/14
97,Horses/14,Лошади/14,Atlar/14,Ngựa/14,Caballos/14,Cavalos/14,Cavalli/14,Kuda/14,Chevaux/14,Pferde/14,الخيول/14,马/14,घोड़े/14,말/14,馬/14
98,Journey/14,Путешествие/14,Yolculuk/14,Hành trình/14,Viaje/14,Viagem/14,Viaggio/14,Perjalanan/14,Voyage/14,Reise/14,الرحلة/14,旅程/14,यात्रा/14,여행/14,ジャーニー/14
99,Cats/14,Кошки/14,Kediler/14,Mèo/14,Gatos/14,Gatos/14,Gatti/14,Kucing/14,Chats/14,Katzen/14,القطط/14,猫/14,बिल्लियाँ/14,고양이/14,猫/14
100,Cars/14,Автомобили/14,Arabalar/14,Ô tô/14,Coches/14,Carros/14,Automobili/14,Mobil/14,Voitures/14,Autos/14,السيارات/14,汽车/14,कारें/14,자동차/14,車/14
101,Motorcycles/14,Мотоциклы/14,Motosikletler/14,Xe máy/14,Motocicletas/14,Motos/14,Motocicli/14,Sepeda Motor/14,Motos/14,Motorräder/14,الدراجات النارية/14,摩托车/14,मोटरसाइकिल/14,오토바이/14,オートバイ/14
102,Dogs/14,Собаки/14,Köpekler/14,Chó/14,Perros/14,Cães/14,Cani/14,Anjing/14,Chiens/14,Hunde/14,الكلاب/14,狗/14,कुत्ते/14,개/14,犬/14
103,Aquarium/14,Аквариум/14,Akvaryum/14,Thủy cung/14,Acuario/14,Aquário/14,Acquario/14,Akuarium/14,Aquariophilie/14,Aquarium/14,حوض السمك/14,水族馆/14,एक्वेरियम/14,수족관/14,水族館/14
104,Railway/14,Поезда/14,Demiryolu/14,Đường sắt/14,Ferroviario/14,Ferrovia/14,Ferrovia/14,Kereta Api/14,Chemin de fer/14,Eisenbahn/14,السكك الحديدية/14,铁路/14,रेलवे/14,철도/14,鉄道/14
105,Aircraft/14,Самолеты/14,Uçak/14,Máy bay/14,Aeronaves/14,Aeronave/14,Aereo/14,Pesawat/14,Avion/14,Flugzeuge/14,طائرة/14,飞机/14,विमान/14,항공기/14,航空機/14
106,Waterfalls/14,Водопады/14,Şelaleler/14,Thác nước/14,Cascadas/14,Cachoeiras/14,Cascate/14,Air terjun/14,Cascades/14,Wasserfälle/14,الشلالات/14,瀑布/14,झरने/14,폭포/14,滝/14
107,Birds/14,Птицы/14,Kuşlar/14,Chim/14,Aves/14,Aves/14,Uccelli/14,Burung/14,Oiseaux/14,Vögel/14,الطيور/14,鸟/14,पक्षी/14,새/14,鳥/14
108,Ships/14,Корабли/14,Gemiler/14,Tàu/14,Barcos/14,Navios/14,Navi/14,Kapal/14,Navires/14,Schiffe/14,السفن/14,船/14,जहाज/14,선박/14,船/14
109,Abstraction/14,Абстракция/14,Soyutlama/14,Trừu tượng hóa/14,Abstracción/14,Abstração/14,Astrazione/14,Abstraksi/14,Abstraction/14,Abstraktion/14,التجريد/14,抽象化/14,अमूर्तन/14,추상화/14,抽象化/14
110,Music/14,Музыка/14,Müzik/14,Âm nhạc/14,Música/14,Música/14,Musica/14,Musik/14,Musique/14,Musik/14,الموسيقى/14,音乐/14,संगीत/14,음악/14,音楽/14
111,Paints/14,Краски/14,Boyalar/14,Sơn/14,Pinturas/14,Tintas/14,Vernici/14,Cat/14,Peintures/14,Farben/14,الدهانات/14,油漆/14,पेंट/14,페인트/14,ペイント/14
112,Architecture/14,Архитектура/14,Mimarlık/14,Kiến trúc/14,Arquitectura/14,Arquitetura/14,Architettura/14,Arsitektur/14,Architecture/14,Architektur/14,العمارة/14,建筑/14,वास्तुकला/14,건축/14,アーキテクチャ/14
113,Space/14,Космос/14,Uzay/14,Không gian/14,Espacio/14,Espaço/14,Spazio/14,Ruang/14,Espace/14,Raum/14,فضاء/14,空间/14,अंतरिक्ष/14,우주/14,スペース/14
114,Interior/14,Интерьер/14,İç/14,Nội thất/14,Interiores/14,Interior/14,Interno/14,Interior/14,Intérieur/14,Innenraum/14,الداخلية/14,内部/14,आंतरिक/14,인테리어/14,インテリア/14
115,Island/14,Остров/14,Ada/14,Đảo/14,Isla/14,Ilha/14,Isola/14,Pulau/14,Île/14,Insel/14,جزيرة/14,岛/14,द्वीप/14,섬/14,島/14
116,Desert/14,Пустыня/14,Çöl/14,Sa mạc/14,Desierto/14,Deserto/14,Deserto/14,Gurun/14,Désert/14,Wüste/14,صحراء/14,沙漠/14,रेगिस्तान/14,사막/14,砂漠/14
117,Ocean/14,Океан/14,Okyanus/14,Đại dương/14,Océano/14,Oceano/14,Oceano/14,Laut/14,Océan/14,Ozean/14,المحيط/14,海洋/14,महासागर/14,바다/14,海洋/14
118,White/14,Белый/14,Beyaz/14,Trắng/14,Blanco/14,Branco/14,Bianco/14,Putih/14,Blanc/14,Weiß/14,أبيض/14,白/14,सफेद/14,흰색/14,ホワイト/14
119,Forest/14,Лес/14,Orman/14,Rừng/14,Bosque/14,Floresta/14,Foresta/14,Hutan/14,Forêt/14,Wald/14,غابة/14,森林/14,जंगल/14,숲/14,フォレスト/14
120,Pink/14,Розовый/14,Pembe/14,Màu hồng/14,Rosa/14,Rosa/14,Rosa/14,Merah Muda/14,Rose/14,Rosa/14,الوردي/14,粉红色/14,गुलाबी/14,핑크/14,ピンク/14
121,Red/14,Красный/14,Kırmızı/14,Đỏ/14,Rojo/14,Vermelho/14,Rosso/14,Merah/14,Rouge/14,Rot/14,الأحمر/14,红色/14,लाल/14,빨간색/14,赤/14
122,Mountains/14,Горы/14,Dağlar/14,Núi/14,Montañas/14,Montanhas/14,Montagne/14,Pegunungan/14,Montagnes/14,Berge/14,الجبال/14,山/14,पहाड़/14,산악/14,山/14
123,Orange/14,Оранжевый/14,Turuncu/14,Orange/14,Naranja/14,Laranja/14,Arancione/14,Oranye/14,Orange/14,Orange/14,برتقالي/14,橙色/14,नारंगी/14,오렌지/14,オレンジ/14
124,Sport/14,Спорт/14,Spor/14,Thể thao/14,Deporte/14,Esporte/14,Sportivo/14,Olahraga/14,Sports/14,Sport/14,الرياضة/14,运动/14,खेल/14,스포츠/14,スポーツ/14
125,Sky/14,Небо/14,Gökyüzü/14,Bầu trời/14,Cielo/14,Céu/14,Cielo/14,Langit/14,Ciel/14,Himmel/14,السماء/14,天空/14,आकाश/14,하늘/14,スカイ/14
126,Yellow/14,Желтый/14,Sarı/14,Vàng/14,Amarillo/14,Amarelo/14,Giallo/14,Kuning/14,Jaune/14,Gelb/14,أصفر/14,黄色/14,पीला/14,노란색/14,黄色/14
127,City/14,Город/14,Şehir/14,Thành phố/14,Ciudad/14,Cidade/14,Città/14,Kota/14,Ville/14,Stadt/14,المدينة/14,城市/14,शहर/14,도시/14,市/14
128,Green/14,Зеленый/14,Yeşil/14,Màu xanh lá cây/14,Verde/14,Verde/14,Verde/14,Hijau/14,Vert/14,Grün/14,الأخضر/14,绿色/14,हरा/14,녹색/14,緑/14
129,Blue/14,Синий/14,Mavi/14,Màu xanh/14,Azul/14,Azul/14,Blu/14,Biru/14,Bleu/14,Blau/14,الأزرق/14,蓝色/14,नीला/14,파란색/14,青/14
130,Graffiti/14,Граффити/14,Grafiti/14,Graffiti/14,Grafiti/14,Grafite/14,Graffiti/14,Grafiti/14,Graffitis/14,Graffiti/14,الكتابة على الجدران/14,涂鸦/14,भित्तिचित्र/14,낙서/14,グラフィティ/14
131,Purple/14,Фиолетовый/14,Mor/14,Màu tím/14,Púrpura/14,Roxo/14,Viola/14,Ungu/14,Violet/14,Lila/14,أرجواني/14,紫色/14,बैंगनी/14,자주색/14,紫/14
132,Butterflies/14,Бабочки/14,Kelebekler/14,Bướm/14,Mariposas/14,Borboletas/14,Farfalle/14,Kupu-kupu/14,Papillons/14,Schmetterlinge/14,الفراشات/14,蝴蝶/14,तितलियों/14,나비/14,蝶/14
133,Sweets/14,Сладости/14,Tatlılar/14,Đồ ngọt/14,Dulces/14,Doces/14,Dolci/14,Permen/14,Bonbons/14,Süßigkeiten/14,الحلويات/14,糖/14,मिठाई/14,과자/14,お菓子/14
134,Dark/14,Черный/14,Karanlık/14,Bóng tối/14,Oscuro/14,Escuro/14,Scuro/14,Gelap/14,Sombre/14,Dunkel/14,الظلام/14,黑暗/14,अंधेरा/14,다크/14,ダーク/14
135,Rodents/14,Грызуны/14,Kemirgenler/14,Loài gặm nhấm/14,Roedores/14,Roedores/14,Roditori/14,Hewan pengerat/14,Rongeurs/14,Nagetiere/14,القوارض/14,啮齿动物/14,कृन्तकों/14,설치류/14,げっ歯類/14
136,Gold/14,Золотой/14,Altın/14,Vàng/14,Oro/14,Ouro/14,Oro/14,Emas/14,Or/14,Gold/14,الذهب/14,金/14,सोना/14,금/14,ゴールド/14
137,Bridges/14,Мосты/14,Köprüler/14,Cầu/14,Puentes/14,Pontes/14,Ponti/14,Jembatan/14,Ponts/14,Brücken/14,الجسور/14,桥梁/14,पुल/14,교량/14,橋/14
138,Fruits/14,Фрукты/14,Meyveler/14,Trái cây/14,Frutas/14,Frutas/14,Frutta/14,Buah/14,Fruits/14,Früchte/14,الفواكه/14,水果/14,फल/14,과일/14,果物/14
139,Snow/14,Снег/14,Kar/14,Tuyết/14,Nieve/14,Neve/14,Neve/14,Salju/14,Neige/14,Schnee/14,الثلج/14,雪/14,हिमपात/14,스노/14,雪/14
140,Dance/14,Танцы/14,Dans/14,Khiêu vũ/14,Baile/14,Dança/14,Danza/14,Tari/14,Danse/14,Tanz/14,الرقص/14,舞蹈/14,नृत्य/14,댄스/14,ダンス/14
141,Offline/14,Оффлайн/14,Çevrimdışı/14,Ngoại tuyến/14,Offline/14,Offline/14,Offline/14,Luring/14,Hors ligne/14,Offline/14,دون اتصال/14,离线/14,ऑफ़लाइन/14,오프라인/14,オフライン/14
142,VIP SEARCH/Didn't find a suitable category?/Use VIP image search and other benefits with VIP status!/20,VIP-ПОИСК/Не нашли подходящую категорию?/Используйте VIP-поиск и другие преимущества с VIP-статусом!/20,VIP ARAMA/Uygun bir kategori bulamadınız mı?/VIP görsel aramayı ve diğer avantajları VIP statüsüyle kullanın!/20,VIP TÌM KIẾM/Không tìm thấy một thể loại phù hợp?/Sử dụng tìm kiếm hình ảnh VIP và các lợi ích khác với trạng thái VIP!/20,BÚSQUEDA VIP/¿No encontró una categoría adecuada?/¡Use la búsqueda de imágenes VIP y otros beneficios con el estado VIP!/20,PESQUISA VIP/Não encontrou uma categoria adequada?/Use a pesquisa de imagem VIP e outros benefícios com status VIP!/20,RICERCA VIP/Non hai trovato una categoria adatta?/Usa la ricerca di immagini VIP e altri vantaggi con lo stato VIP!/20,PENCARIAN VIP/Tidak menemukan kategori yang cocok?/Gunakan pencarian gambar VIP dan manfaat lainnya dengan status VIP!/20,RECHERCHE VIP/Vous n'avez pas trouvé de catégorie appropriée ?/Utilisez la recherche d'images VIP et d'autres avantages avec le statut VIP !/20,VIP-SUCHE/Keine passende Kategorie gefunden?/VIP-Bildersuche und weitere Vorteile mit VIP-Status nutzen!/20,بحث VIP / لم تجد الفئة المناسبة؟ / استخدم البحث عن الصور VIP ومزايا أخرى مع وضع VIP! /20,VIP搜索/没有找到合适的类别？/使用VIP图像搜索和其他带有VIP状态的好处！/20,वीआईपी खोज/उपयुक्त श्रेणी नहीं मिली?/वीआईपी छवि खोज और वीआईपी स्थिति के साथ अन्य लाभों का उपयोग करें!/20,VIP 검색/적합한 카테고리를 찾지 못하셨나요?/VIP 상태로 VIP 이미지 검색 및 기타 혜택을 이용하세요!/20,VIP検索/適切なカテゴリが見つかりませんでしたか?/VIP画像検索などVIP特典を利用しよう!/20
143,VIP STATUS/20,VIP-СТАТУС/20,VİP STATÜSÜ/20,TRẠNG THÁI VIP/20,ESTADO VIP/20,STATUS VIP/20,STATO VIP/20,STATUS VIP/20,STATUT VIP/20,VIP-STATUS/20,حالة VIP/20,VIP状态/20,वीआईपी स्थिति/20,VIP 상태/20,VIPステータス/20
144,Take advantage of premium status:/14,Воспользуйтесь преимуществами премиального статуса:/14,Premium statüsünden yararlanın:/14,Tận dụng trạng thái cao cấp:/14,Aproveche el estado de la prima:/14,Tire proveito do status premium:/14,Approfitta dello stato premium:/14,Manfaatkan status premium:/14,Profitez du statut premium :/14,Profitieren Sie vom Premium-Status:/14,استفد من حالة قسط:/14,利用高级状态：/14,प्रीमियम स्थिति का लाभ उठाएं:/14,프리미엄 상태를 활용하십시오 :/14,プレミアムステータスを活用してください：/14
145,VIP DIFFICULTY/Want to increase the difficulty?/Get this and other benefits with VIP status!/20,VIP-СЛОЖНОСТЬ/Хотите повысить сложность?/Получите это и другие преимущества с VIP-статусом!/20,VIP ZORLUK/Zorluğu artırmak ister misiniz?/Bunu ve daha fazlasını VIP statüsüyle alın!/20,VIP KHÓ KHĂN/muốn tăng độ khó?/Nhận được điều này và các lợi ích khác với trạng thái VIP!/20,DIFICULTAD VIP/¿Quieres aumentar la dificultad?/¡Obtenga este y otros beneficios con el estado VIP!/20,DIFICULDADE VIP/deseja aumentar a dificuldade?/Obter este e outros benefícios com o status VIP!/20,DIFFICOLTÀ VIP/Vuoi aumentare la difficoltà?/Ottieni questo e altri vantaggi con lo stato VIP!/20,KESULITAN VIP/Ingin menambah kesulitan?/Dapatkan ini dan manfaat lainnya dengan status VIP!/20,DIFFICULTÉ VIP/Vous voulez augmenter la difficulté ?/Obtenez ceci et d'autres avantages avec le statut VIP !/20,VIP-SCHWIERIGKEIT/Möchten Sie die Schwierigkeit erhöhen?/Holen Sie sich diese und andere Vorteile mit dem VIP-Status!/20,صعوبة VIP/تريد زيادة الصعوبة؟/الحصول على هذا وفوائد أخرى مع حالة VIP!/20,VIP难度/想要增加难度吗？/以VIP状态获得此和其他好处！/20,वीआईपी कठिनाई/कठिनाई बढ़ाना चाहते हैं?/इसे और वीआईपी स्थिति के साथ अन्य लाभ प्राप्त करें!/20,VIP 난이도/난이도를 높이고 싶습니까?/VIP 상태로 이것과 다른 이점을 얻으십시오!/20,VIP 難易度/難易度を上げてみませんか?/VIP ステータスでこれと他の特典を手に入れましょう!/20
146,VIP BACKGROUND/Want to set a premium background?/Get this and other benefits with VIP status!/20,VIP-ФОН/Хотите установить премиальный фон?/Получите это и другие преимущества с VIP-статусом!/20,VIP ARKA PLAN/Premium bir arka plan ayarlamak ister misiniz?/VIP statüsüyle bunu ve diğer avantajları elde edin!/20,VIP HÌNH NỀN/Bạn muốn thiết lập hình nền cao cấp?/Nhận lợi ích này và các lợi ích khác với trạng thái VIP!/20,FONDO VIP/¿Quieres establecer un fondo premium?/¡Obtenga este y otros beneficios con el estado VIP!/20,FUNDO VIP/deseja definir um fundo premium?/Obter este e outros benefícios com o status VIP!/20,SFONDO VIP/Vuoi impostare uno sfondo premium?/Ottieni questo e altri vantaggi con lo status VIP!/20,LATAR BELAKANG VIP/Ingin menyetel latar belakang premium?/Dapatkan ini dan manfaat lainnya dengan status VIP!/20,ARRIÈRE-PLAN VIP/Vous voulez définir un arrière-plan premium ?/Obtenez ceci et d'autres avantages avec le statut VIP !/20,VIP-HINTERGRUND/Möchten Sie einen Premium-Hintergrund festlegen?/Holen Sie sich diese und andere Vorteile mit dem VIP-Status!/20,خلفية VIP/تريد تعيين خلفية متميزة؟/الحصول على هذا وفوائد أخرى مع حالة VIP!/20,VIP背景/想要设置高级背景吗？/以VIP状态获得此和其他好处！/20,वीआईपी पृष्ठभूमि/एक प्रीमियम पृष्ठभूमि सेट करना चाहते हैं?/इसे और वीआईपी स्थिति के साथ अन्य लाभ प्राप्त करें!/20,VIP 배경/프리미엄 배경을 설정하고 싶습니까?/VIP 상태 로이 혜택과 기타 이점을 얻으십시오!/20,VIP 背景/プレミアム背景を設定したいですか?/VIP ステータスでこれと他の特典を手に入れよう!/20
147,Try VIP/18,Пробовать/16,VIP deneyin/16,Thử VIP/18,Prueba VIP/16,Tente VIP/16,Prova VIP/16,Coba VIP/16,Essayez VIP/14,Versuchen VIP/14,جرب VIP/18,尝试VIP/18,वीआईपी का प्रयास करें/18,VIP 시도/18,VIPを試す/18
148,Enter your search keywords:/24,Введите поисковый запрос:/24,Arama anahtar kelimelerinizi girin:/24,Nhập từ khóa tìm kiếm của bạn:/24,Ingrese sus palabras clave de búsqueda:/24,Digite suas palavras -chave de pesquisa:/24,Immettere le parole chiave di ricerca:/24,Masukkan kata kunci pencarian Anda:/24,Entrez vos mots clés de recherche :/24,Geben Sie Ihre Suchbegriffe ein:/24,أدخل كلمات البحث الخاصة بك:/24,输入您的搜索关键字：/24,अपने खोज कीवर्ड दर्ज करें:/24,검색 키워드를 입력하십시오 :/24,検索キーワードを入力:/24
149,( Only english words and numbers are allowed )/16,( Допустимы только английские слова и цифры )/16,( Yalnızca İngilizce kelimelere ve sayılara izin verilir )/16,(Chỉ cho phép các từ và số tiếng Anh được cho phép)/16,(Solo se permiten palabras y números en inglés)/16,(Apenas palavras e números em inglês são permitidos)/16,(Sono consentite solo parole e numeri inglesi)/16,(Hanya kata dan angka dalam bahasa Inggris yang diperbolehkan)/16,(Seuls les mots et les chiffres en anglais sont autorisés)/16,(Nur englische Wörter und Zahlen sind erlaubt)/16,(فقط الكلمات والأرقام الإنجليزية مسموح بها)/16,（仅允许英语单词和数字）/16,(केवल अंग्रेजी शब्दों और संख्याओं की अनुमति है)/16,(영어 단어와 숫자 만 허용됩니다)/16,（英語の単語と番号のみが許可されています）/16
150,SEARCH/18,НАЙТИ/18,ARA/18,TÌM KIẾM/18,BÚSQUEDA/16,PESQUISAR/16,CERCA/18,CARI/18,CHERCHER/18,SUCHE/18,البحث/18,搜索/18,खोज/18,검색/18,検索/18
151,DAILY GIFT/20,ЕЖЕДНЕВНЫЙ ПОДАРОК/20,GÜNLÜK HEDİYE/20,QUÀ TẶNG HÀNG NGÀY/20,REGALO DIARIO/20,PRESENTE DIÁRIO/20,REGALO GIORNALIERO/20,HADIAH HARIAN/20,CADEAU QUOTIDIEN/20,TÄGLICHES GESCHENK/20,هدية يومية/20,每日礼物/20,दैनिक उपहार/20,매일 선물/20,毎日のギフト/20
152,SUBSCRIPTION/10,ПОДПИСКА/10,ABONELİK/10,THUÊ BAO/10,SUSCRIPCIÓN/10,SUBSCRIÇÃO/10,ABBONAMENTO/10,BERLANGGANAN/10,ABONNEMENT/10,ABONNEMENT/10,الاشتراك/10,订阅/10,सब्सक्रिप्शन/10,예약 구독/10,サブスクリプション/10
153,ONE-TIME PAYMENT/8,ЕДИНОРАЗОВЫЙ ПЛАТЕЖ/8,TEK SEFERLİK ÖDEME/8,THANH TOÁN MỘT LẦN/8,PAGO ÚNICO/8,PAGAMENTO ÚNICO/8,PAGAMENTO UNICO/8,PEMBAYARAN SATU KALI/8,PAIEMENT UNIQUE/8,EINMALZAHLUNG/8,دفعة لمرة واحدة/8,一次性付款/8,एक बार का भुगतान/8,일회성 지불/8,1回限りの支払い/8
154,7 DAYS/24,7 ДНЕЙ/24,7 GÜN/24,7 NGÀY/24,7 DÍAS/24,7 DIAS/24,7 GIORNI/22,7 HARI/22,7 JOURS/22,7 TAGE/22,7 أيام/24,7天/24,7 दिन/24,7 일/24,7 日/24
155,30 DAYS/24,30 ДНЕЙ/24,30 GÜN/24,30 NGÀY/24,30 DÍAS/24,30 DIAS/24,30 GIORNI/22,30 HARI/22,30 JOURS/22,30 TAGE/22,30 يومًا/24,30天/24,30 दिन/24,30 일/24,30日/24
156,90 DAYS/24,90 ДНЕЙ/24,90 GÜN/24,90 NGÀY/24,90 DÍAS/24,90 DIAS/24,90 GIORNI/22,90 HARI/22,90 JOURS/22,90 TAGE/22,90 يومًا/24,90天/24,90 दिन/24,90 일/24,90日/24
157,1 YEAR/24,1 ГОД/24,1 YIL/24,1 NĂM/24,1 AÑO/24,1 ANO/24,1 ANNO/22,1 TAHUN/22,1 AN/22,1 JAHR/22,1 سنة/24,1年/24,1 वर्ष/24,1 년/24,1年/24
158,FOREVER/22,НАВСЕГДА/20,SONSUZA DEK/18,MÃI MÃI/22,PARA SIEMPRE/18,PARA SEMPRE/18,PER SEMPRE/18,SELAMANYA/20,POUR TOUJOURS/16,FÜR IMMER/20,إلى الأبد/22,永远/22,हमेशा के लिए/22,영원히/22,永遠に/22
159,Unlocking all/categories/9,Открытие всех/категорий/9,Tüm kategorilerin/açma/9,Mở khóa tất cả/các danh mục/9,Desbloqueo/todas categorías/9,Desbloqueando/todos categorias/9,Sbloccare tutte/categorie/9,Membuka/semua kategori/9,Débloquer des/catégories/9,Kategorien/freischalten/9,فتح جميع/الفئات/9,解锁所/有类别/9,सभी श्रेणियों को/अनलॉक करना/9,모든 범주/잠금 해제/9,すべてのカテゴリ/のロックを解除/9
160,Image/search/9,Поиск/изображений/9,Görsel/arama/9,Tìm kiếm/hình ảnh/9,Imagen/búsqueda/9,Pesquisa de/imagens/9,Ricerca/immagini/9,Pencarian/gambar/9,Recherche/d'images/9,Bild/suche/9,الصورة/البحث/9,图片/搜索/9,इमेज/सर्च/9,이미지/검색/9,画像検索//9
161,Maximal/difficulty/9,Максимальная/сложность/9,Maksimum/zorluk/9,Độ khó/tối đa/9,Máximo/dificultad/9,Dificuldade/máxima/9,Difficoltà/massima/9,Kesulitan/maksimal/9,Difficulté/maximale/9,Maximale/Schwierigkeit/9,الحد الأقصى/الصعوبة/9,最大/难度/9,अधिकतम/कठिनाई/9,최대/난이도/9,最大難易度//9
162,Removing/ads/9,Отключение/рекламы/9,Reklamları/kaldırmak/9,Xóa/Quảng cáo/9,Eliminar/anuncios/9,Removendo/anúncios/9,Rimozione/annunci/9,Hilangkan/iklan/9,Suppression des/publicités/9,Anzeigen/entfernen/9,إزالة/إعلانات/9,去除/广告/9,विज्ञापन/हटाना/9,광고/제거/9,広告を取り/除く/9
163,Premium/backgrounds/9,Премиальные/фоны/9,Prim arka/planlar/9,Hình nền/cao cấp/9,Premium/fondos/9,Planos fundo/premium/9,Sfondi/premium/9,Latar belakang/premium/9,Arrière-plans/premium/9,Premium/Hintergründe/9,قسط/خلفيات/9,优质/背景/9,प्रीमियम/पृष्ठभूमि/9,프리미엄/배경/9,プレミアム/背景/9
164,2 daily/gifts/9,2 ежедневных/подарка/9,2 adet günlük/hediye/9,2 hàng ngày/quà tặng/9,2 regalos/diarios/9,2 presentes/diários/9,2 regali/giornalieri/9,2 hadiah/harian/9,2 cadeaux/quotidiens/9,2 tägliche/Geschenke/9,2 يوميا/الهدايا/9,2个每日/礼物/9,2 दैनिक/उपहार/9,2 일일/선물/9,2 デイリ/ーギフト/9
165,Active/16,Активно/16,Aktif/16,Đang hoạt động/14,Activo/16,Ativo/16,Attivo/16,Aktif/16,Actif/16,Aktiv/16,نشط/16,活跃/16,सक्रिय/16,활성/16,積極的に/16
166,until /12,до /12,değin /12,Cho đến /12,hasta /12,até /12,fino a /12,sampai /12,jusqu'au /12,bis /12,حتى /12,直到 /12,तक /12,까지 /12,なるまで /12
167," days trial, then / every 7 days. The subscription can be canceled at any time. After cancellation, VIP status valid until the end of the paid period/11"," дня бесплатно, затем / каждые 7 дней. Подписку можно отменить в любой момент. После отмены, VIP-статус действовует до окончания оплаченного периода/11"," günlük deneme, ardından her 7 günde bir / tahsil edilecektir. Abonelik her an iptal edilebilir. İptal sonrası VIP statüsü ücretli sürenin sonuna kadar geçerlidir/11"," ngày dùng thử, sau đó / cứ sau 7 ngày. Việc đăng ký có thể bị hủy bỏ bất cứ lúc nào. Sau khi hủy, trạng thái VIP có hiệu lực cho đến khi kết thúc thời gian thanh toán/11"," días de prueba, luego / cada 7 días. La suscripción se puede cancelar en cualquier momento. Después de la cancelación, el estado VIP es válido hasta el final del período pagado/11"," dias de teste, então / a cada 7 dias. A assinatura pode ser cancelada a qualquer momento. Após cancelamento, status VIP válido até o final do período pago/11"," giorni di prova, poi / ogni 7 giorni. L'abbonamento può essere annullato in qualsiasi momento. Dopo la cancellazione, stato VIP valido fino alla fine del periodo pagato/11"," hari uji coba, lalu / setiap 7 hari. Langganan dapat dibatalkan kapan saja. Setelah pembatalan, status VIP berlaku hingga akhir periode pembayaran/11"," jours d'essai, puis / tous les 7 jours. L'abonnement peut être résilié à tout moment. Après annulation, statut VIP valable jusqu'à la fin de la période payée/11"," Tage testen, dann / alle 7 Tage. Das Abonnement kann jederzeit gekündigt werden. Nach Abmeldung VIP-Status gültig bis Ende des bezahlten Zeitraums/11", أيام للمحاكمة ، ثم / كل 7 أيام. يمكن إلغاء الاشتراك في أي وقت. بعد الإلغاء ، تكون حالة VIP صالحة حتى نهاية الفترة المدفوعة /11, 天 试用，然后每 7 天 / 。 订阅可以随时取消。 取消后，VIP身份有效期至付费期结束/11," दिन का ट्रायल, फिर हर 7 दिन में / । सदस्यता किसी भी समय रद्द की जा सकती है। रद्दीकरण के बाद, वीआईपी स्थिति भुगतान अवधि के अंत तक मान्य/11", 일 체험 후 7일마다 / 구독은 언제든지 취소할 수 있습니다. 취소 후 VIP 등급은 유료 기간 종료 시까지 유효합니다/11,日間のトライアル、その後 / 7 日ごと。 サブスクリプションはいつでもキャンセルできます。 解約後、有償期間終了までVIPステータス有効/11
168," days trial, then / every 30 days. The subscription can be canceled at any time. After cancellation, VIP status valid until the end of the paid period/11"," дня бесплатно, затем / каждые 30 дней. Подписку можно отменить в любой момент. После отмены, VIP-статус действовует до окончания оплаченного периода/11","günlük deneme, ardından her 30 günde bir / tahsil edilecektir. Abonelik her an iptal edilebilir. İptal sonrası VIP statüsü ücretli sürenin sonuna kadar geçerlidir/11"," ngày dùng thử, sau đó / cứ sau 30 ngày. Việc đăng ký có thể bị hủy bỏ bất cứ lúc nào. Sau khi hủy, trạng thái VIP có hiệu lực cho đến khi kết thúc thời gian thanh toán/11"," días de prueba, luego / cada 30 días. La suscripción se puede cancelar en cualquier momento. Después de la cancelación, el estado VIP es válido hasta el final del período pagado/11"," dias de teste, então / a cada 30 dias. A assinatura pode ser cancelada a qualquer momento. Após cancelamento, status VIP válido até o final do período pago/11"," giorni di prova, poi / ogni 30 giorni. L'abbonamento può essere annullato in qualsiasi momento. Dopo la cancellazione, stato VIP valido fino alla fine del periodo pagato/11"," hari uji coba, lalu / setiap 30 hari. Langganan dapat dibatalkan kapan saja. Setelah pembatalan, status VIP berlaku hingga akhir periode pembayaran/11"," jours d'essai, puis / tous les 30 jours. L'abonnement peut être résilié à tout moment. Après annulation, statut VIP valable jusqu'à la fin de la période payée/11"," Tage testen, dann / alle 30 Tage. Das Abonnement kann jederzeit gekündigt werden. Nach Abmeldung VIP-Status gültig bis Ende des bezahlten Zeitraums/11", أيام للمحاكمة ، ثم / كل 30 أيام. يمكن إلغاء الاشتراك في أي وقت. بعد الإلغاء ، تكون حالة VIP صالحة حتى نهاية الفترة المدفوعة /11, 天 试用，然后每 30 天 / 。 订阅可以随时取消。 取消后，VIP身份有效期至付费期结束/11," दिन का ट्रायल, फिर हर 30 दिन में / । सदस्यता किसी भी समय रद्द की जा सकती है। रद्दीकरण के बाद, वीआईपी स्थिति भुगतान अवधि के अंत तक मान्य/11", 일 체험 후 30일마다 / 구독은 언제든지 취소할 수 있습니다. 취소 후 VIP 등급은 유료 기간 종료 시까지 유효합니다/11,日間のトライアル、その後 / 30 日ごと。 サブスクリプションはいつでもキャンセルできます。 解約後、有償期間終了までVIPステータス有効/11
169," days trial, then / every 365 days. The subscription can be canceled at any time. After cancellation, VIP status valid until the end of the paid period/11"," дня бесплатно, затем / каждые 365 дней. Подписку можно отменить в любой момент. После отмены, VIP-статус действовует до окончания оплаченного периода/11"," günlük deneme, ardından her 365 günde bir / tahsil edilecektir. Abonelik her an iptal edilebilir. İptal sonrası VIP statüsü ücretli sürenin sonuna kadar geçerlidir/11"," ngày dùng thử, sau đó / cứ sau 365 ngày. Việc đăng ký có thể bị hủy bỏ bất cứ lúc nào. Sau khi hủy, trạng thái VIP có hiệu lực cho đến khi kết thúc thời gian thanh toán/11"," días de prueba, luego / cada 365 días. La suscripción se puede cancelar en cualquier momento. Después de la cancelación, el estado VIP es válido hasta el final del período pagado/11"," dias de teste, então / a cada 365 dias. A assinatura pode ser cancelada a qualquer momento. Após cancelamento, status VIP válido até o final do período pago/11"," giorni di prova, poi / ogni 365 giorni. L'abbonamento può essere annullato in qualsiasi momento. Dopo la cancellazione, stato VIP valido fino alla fine del periodo pagato/11"," hari uji coba, lalu / setiap 365 hari. Langganan dapat dibatalkan kapan saja. Setelah pembatalan, status VIP berlaku hingga akhir periode pembayaran/11"," jours d'essai, puis / tous les 365 jours. L'abonnement peut être résilié à tout moment. Après annulation, statut VIP valable jusqu'à la fin de la période payée/11"," Tage testen, dann / alle 365 Tage. Das Abonnement kann jederzeit gekündigt werden. Nach Abmeldung VIP-Status gültig bis Ende des bezahlten Zeitraums/11", أيام للمحاكمة ، ثم / كل 365 أيام. يمكن إلغاء الاشتراك في أي وقت. بعد الإلغاء ، تكون حالة VIP صالحة حتى نهاية الفترة المدفوعة /11, 天 试用，然后每 365 天 / 。 订阅可以随时取消。 取消后，VIP身份有效期至付费期结束/11," दिन का ट्रायल, फिर हर 365 दिन में / । सदस्यता किसी भी समय रद्द की जा सकती है। रद्दीकरण के बाद, वीआईपी स्थिति भुगतान अवधि के अंत तक मान्य/11", 일 체험 후 365일마다 / 구독은 언제든지 취소할 수 있습니다. 취소 후 VIP 등급은 유료 기간 종료 시까지 유효합니다/11,日間のトライアル、その後 / 365 日ごと。 サブスクリプションはいつでもキャンセルできます。 解約後、有償期間終了までVIPステータス有効/11
170," days trial, then / every 90 days. The subscription can be canceled at any time. After cancellation, VIP status valid until the end of the paid period/11"," дня бесплатно, затем / каждые 90 дней. Подписку можно отменить в любой момент. После отмены, VIP-статус действовует до окончания оплаченного периода/11"," günlük deneme, ardından her 90 günde bir / tahsil edilecektir. Abonelik her an iptal edilebilir. İptal sonrası VIP statüsü ücretli sürenin sonuna kadar geçerlidir/11"," ngày dùng thử, sau đó / cứ sau 90 ngày. Việc đăng ký có thể bị hủy bỏ bất cứ lúc nào. Sau khi hủy, trạng thái VIP có hiệu lực cho đến khi kết thúc thời gian thanh toán/11"," días de prueba, luego / cada 90 días. La suscripción se puede cancelar en cualquier momento. Después de la cancelación, el estado VIP es válido hasta el final del período pagado/11"," dias de teste, então / a cada 90 dias. A assinatura pode ser cancelada a qualquer momento. Após cancelamento, status VIP válido até o final do período pago/11"," giorni di prova, poi / ogni 90 giorni. L'abbonamento può essere annullato in qualsiasi momento. Dopo la cancellazione, stato VIP valido fino alla fine del periodo pagato/11"," hari uji coba, lalu / setiap 90 hari. Langganan dapat dibatalkan kapan saja. Setelah pembatalan, status VIP berlaku hingga akhir periode pembayaran/11"," jours d'essai, puis / tous les 90 jours. L'abonnement peut être résilié à tout moment. Après annulation, statut VIP valable jusqu'à la fin de la période payée/11"," Tage testen, dann / alle 90 Tage. Das Abonnement kann jederzeit gekündigt werden. Nach Abmeldung VIP-Status gültig bis Ende des bezahlten Zeitraums/11", أيام للمحاكمة ، ثم / كل 90 أيام. يمكن إلغاء الاشتراك في أي وقت. بعد الإلغاء ، تكون حالة VIP صالحة حتى نهاية الفترة المدفوعة /11, 天 试用，然后每 90 天 / 。 订阅可以随时取消。 取消后，VIP身份有效期至付费期结束/11," दिन का ट्रायल, फिर हर 90 दिन में / । सदस्यता किसी भी समय रद्द की जा सकती है। रद्दीकरण के बाद, वीआईपी स्थिति भुगतान अवधि के अंत तक मान्य/11", 일 체험 후 90일마다 / 구독은 언제든지 취소할 수 있습니다. 취소 후 VIP 등급은 유료 기간 종료 시까지 유효합니다/11,日間のトライアル、その後 / 90 日ごと。 サブスクリプションはいつでもキャンセルできます。 解約後、有償期間終了までVIPステータス有効/11
171,You pay only once and get all the benefits of VIP status forever/11,Вы заплатите только один раз и получите все преимущества VIP-статуса навсегда/11,Yalnızca bir kez ödersiniz ve VIP statüsünün tüm avantajlarından sonsuza kadar yararlanırsınız/11,Bạn chỉ trả một lần và nhận được tất cả các lợi ích của trạng thái VIP mãi mãi/11,Paga solo una vez y obtiene todos los beneficios del estado VIP para siempre/11,Você paga apenas uma vez e obtém todos os benefícios do status VIP para sempre/11,Paghi solo una volta e ottieni tutti i vantaggi dello stato VIP per sempre/11,Anda hanya membayar sekali dan mendapatkan semua manfaat status VIP selamanya/11,Vous ne payez qu'une seule fois et bénéficiez de tous les avantages du statut VIP pour toujours/11,Sie zahlen nur einmal und erhalten alle Vorteile des VIP-Status für immer/11,أنت تدفع مرة واحدة فقط وتحصل على جميع فوائد حالة VIP إلى الأبد/11,您只付一次，并永远获得VIP状态的所有好处/11,आप केवल एक बार भुगतान करते हैं और VIP दर्जे के सभी लाभ हमेशा के लिए प्राप्त करते हैं/11,당신은 한 번만 지불하고 VIP 상태의 모든 혜택을 영원히 얻습니다/11,あなたは一度だけ支払い、VIPステータスのすべての利点を永遠に取得します/11
172,Trial / days/14,Бесплатно / дня/12,Deneme / Gün/14,/ ngày dùng thử/ 14,Prueba / días /14,/ dias de teste/14,Prova / giorni/14,/ hari uji coba/14,/ jours d'essai/14,/ Tage testen/14,تجربة / أيام/14,试用 / 天 /14,परीक्षण / दिन/14,평가판 / 일/14,試用 / 日/14
173,then ,затем ,ardından ,khi đó ,luego ,então ,poi ,kemudian ,puis ,dann ,ثم ,然后 ,तब ,그 다음에 ,それから 
174,INVITE FRIEND/16,ПРИГЛАСИТЬ ДРУГА/16,ARKADAŞ DAVET/16,MỜI BẠN BÈ/16,INVITAR AMIGO/16,CONVIDAR AMIGO/16,INVITA AMICO/16,UNDANG TEMAN/16,INVITER UN AMI/16,FREUND EINLADEN/16,دعوة صديق/16,邀请朋友/16,मित्र को आमंत्रित करें/16,친구 초대/16,友達を招待する/16
175,Welcome to the game!/Let's do your first favorite puzzle!,Добро пожаловать в игру!/Давайте соберем ваш первый любимый пазл!,Oyuna hoş geldiniz!/Hadi ilk favori bulmacanı yapalım!,Chào mừng bạn đến với trò chơi!/Hãy thực hiện câu đố yêu thích đầu tiên của bạn!,¡Bienvenido al juego!/¡Hagamos tu primer rompecabezas favorito!,Bem-vindo ao jogo!/Vamos montar seu primeiro quebra-cabeça favorito!,Benvenuto nel gioco!/Facciamo il tuo primo puzzle preferito!,Selamat datang di permainan!/Mari kita lakukan teka-teki favorit pertama Anda!,Bienvenue dans le jeu !/Faisons votre premier énigmes préféré !,Willkommen im Spiel!/Lassen Sie uns Ihr erstes Lieblingspuzzle lösen!,مرحبًا بك في اللعبة! / لنقم بأول لغز مفضل لك!,欢迎参加游戏！/让我们做您第一个最喜欢的难题！,खेल में आपका स्वागत है!/चलो अपनी पहली पसंदीदा पहेली करें!,게임에 오신 것을 환영합니다!/첫 번째 가장 좋아하는 퍼즐을 해보자!,ゲームへようこそ！/最初のお気に入りのパズルをしましょう！
176,Press the button to show a sample,"Нажмите на кнопку, чтобы показать образец",Bir örnek göstermek için düğmeye basın,Nhấn nút để xem mẫu,Presione el botón para mostrar una muestra,Pressione o botão para mostrar uma amostra,Premere il pulsante per mostrare un campione,Tekan tombol untuk menampilkan sampel,Appuyez sur le bouton pour afficher un échantillon,"Drücken Sie die Taste, um ein Beispiel anzuzeigen",اضغط على الزر لإظهار عينة,按按钮显示样本,नमूना दिखाने के लिए बटन दबाएं,샘플을 보려면 버튼을 누르세요,ボタンを押してサンプルを表示します
177,Great! Now press this button to leave only elements of puzzle's edges,"Отлично! Теперь нажмите на эту кнопку, чтобы оставить только элементы рамки",Harika! Şimdi sadece bulmacanın kenarlarını göstermek için bu düğmeye basın,Tuyệt vời! Bây giờ nhấn nút này để chỉ để lại các yếu tố của các cạnh của câu đố,¡Excelente! Ahora presione este botón para dejar solo elementos de los bordes del rompecabezas,Ótimo! Agora pressione este botão para deixar apenas elementos das bordas do quebra-cabeça,Grande! Ora premi questo pulsante per lasciare solo elementi dei bordi del puzzle,Hebat! Sekarang tekan tombol ini untuk menyisakan hanya elemen tepi teka-teki,Super! Appuyez maintenant sur ce bouton pour ne laisser que les éléments des bords du énigme,"Toll! Drücken Sie nun diese Taste, um nur Elemente der Puzzleränder zu belassen",عظيم! اضغط الآن على هذا الزر لترك عناصر فقط من حواف اللغز,伟大的！现在按下此按钮只留下难题边缘的元素,महान! अब इस बटन को केवल पहेली के किनारों के तत्वों को दिखाने के लिए दबाएं,탁월한! 이제 이 버튼을 눌러 퍼즐 가장자리의 요소만 남깁니다,素晴らしい！このボタンを押して、パズルのエッジの要素のみを残す
178,Good! Move this element to its place,Здорово! Переместите элемент рамки на его место,Güzel! Bu öğeyi yerine taşıyın,Tốt! Di chuyển yếu tố này đến vị trí của nó,¡Bien! Mover este elemento a su lugar,Bom! Mova este elemento para o seu lugar,Bene! Sposta questo elemento al suo posto,Bagus! Pindahkan elemen ini ke tempatnya,Bien! Déplacez cet élément à sa place,Gut! Verschieben Sie dieses Element an seinen Platz,جيد! انقل هذا العنصر إلى مكانه,好的！将此元素移至它的位置,अच्छा! इस तत्व को अपने स्थान पर ले जाएं,좋은! 이 요소를 해당 위치로 이동,良い！この要素をその場所に移動します
179,The edges is complete! Now press this button to use the hint,"Рамка собрана! Теперь нажмите на эту кнопку, чтобы воспользоваться подсказкой",Kenarlar tamamlandı! Şimdi ipucunu kullanmak için bu düğmeye basın,Các cạnh là hoàn thành! Bây giờ nhấn nút này để sử dụng gợi ý,¡Los bordes están completos! Ahora presione este botón para usar la pista,As bordas estão completas! Agora pressione este botão para usar a dica,I bordi sono completi! Ora premi questo pulsante per utilizzare il suggerimento,Tepi selesai! Sekarang tekan tombol ini untuk menggunakan petunjuknya,"Les bords sont terminés ! Maintenant, appuyez sur ce bouton pour utiliser l'indice","Die Kanten sind fertig! Drücken Sie nun diese Taste, um den Hinweis zu verwenden",الحواف كاملة! اضغط الآن على هذا الزر لاستخدام التلميح,边缘完成！现在按此按钮使用提示,किनारे पूरा हो गया है! अब संकेत का उपयोग करने के लिए इस बटन को दबाएं,가장자리가 완성되었습니다! 이제이 버튼을 눌러 힌트를 사용하십시오,エッジが完成しました！次に、このボタンを押してヒントを使用します
180,Take any element whose position you want to know,Возьмите любой элемент положение которого хотите узнать,Konumunu bilmek istediğiniz herhangi bir unsuru alın,Lấy bất kỳ phần tử nào có vị trí bạn muốn biết,Tome cualquier elemento cuya posición desee saber,Pegue qualquer elemento cuja posição você deseja saber,Prendi qualsiasi elemento di cui vuoi conoscere la posizione,Ambil elemen apa saja yang posisinya ingin Anda ketahui,Prenez n'importe quel élément dont vous voulez connaître la position,"Nehmen Sie ein beliebiges Element, dessen Position Sie wissen möchten",خذ أي عنصر تريد معرفة موقعه,取任何你想知道其位置的元素,कोई भी तत्व लें जिसकी स्थिति आप जानना चाहते हैं,위치를 알고 싶은 요소를 선택하십시오,あなたが知りたい位置を持っている要素を取ります
181,Perfect! Connect the remaining elements to complete the puzzle,"Превосходно! Установите остальные элементы, чтобы завершить сборку",Mükemmel! Parçalı yapbozu tamamlamak için kalan parçaları koy,Hoàn hảo! Kết nối các yếu tố còn lại để hoàn thành câu đố,¡Perfecto! Conecte los elementos restantes para completar el rompecabezas,Perfeito! Conecte os elementos restantes para completar o quebra-cabeça,Perfetto! Collegare gli elementi rimanenti per completare il puzzle,Sempurna! Hubungkan elemen yang tersisa untuk menyelesaikan teka-teki,Parfait! Connectez les éléments restants pour compléter le énigme,"Perfekt! Verbinde die restlichen Elemente, um das Puzzle zu vervollständigen",ممتاز! قم بتوصيل العناصر المتبقية لإكمال اللغز,完美的！连接其余元素以完成难题,उत्तम! पहेली को पूरा करने के लिए शेष तत्वों को कनेक्ट करें,완벽한! 나머지 요소를 연결하여 퍼즐을 완성하십시오,完全！残りの要素を接続して、パズルを完成させます
182,10% bonus,10% бонус,% 10 bonus,thưởng 10%,bono 10%,10% bônus,10% bonus,bonus 10%,10% prime,10% Prämie,10 ٪ مكافأة,10％奖金,10% बोनस,10% 보너스,10％おまけ
183,20% bonus,20% бонус,% 20 bonus,thưởng 20%,bono 20%,20% bônus,20% bonus,bonus 20%,20% prime,20% Prämie,20 ٪ مكافأة,20％奖金,20% बोनस,20% 보너스,20％おまけ
184,20% profit,20% выгода,% 20 yarar,lợi ích 20%,ventaja 20%,20% benefício,20% beneficio,manfaat 20%,20% avantage,20% Nutzen,فائدة ٪ 20,20％益处,20% फ़ायदा,20% 이익,20％利益
185,40% bonus,40% бонус,% 40 bonus,thưởng 40%,bono 40%,40% bônus,40% bonus,bonus 40%,40% prime,40% Prämie,40 ٪ مكافأة,40％奖金,40% बोनस,40% 보너스,40％おまけ
186,40% profit,40% выгода,% 40 yarar,lợi ích 40%,ventaja 40%,40% benefício,40% beneficio,manfaat 40%,40% avantage,40% Nutzen,فائدة ٪ 40,40％益处,40% फ़ायदा,40% 이익,40％利益
187,30% bonus,30% бонус,% 30 bonus,thưởng 30%,bono 30%,30% bônus,30% bonus,bonus 30%,30% prime,30% Prämie,مكافأة 30 ٪,30％奖金,30% बोनस,30% 보너스,30％おまけ
188,50% bonus,50% бонус,% 50 bonus,thưởng 50%,bono 50%,50% bônus,50% bonus,bonus 50%,50% prime,50% Prämie,مكافأة 50 ٪,50％奖金,50% बोनस,50% 보너스,50％おまけ
189,50% profit,50% выгода,% 50 yarar,lợi ích 50%,ventaja 50%,50% benefício,50% beneficio,manfaat 50%,50% avantage,50% Nutzen,فائدة ٪ 50,50％益处,50% फ़ायदा,50% 이익,50％利益
190,Popular,Популярно,Popüler,Phổ biến,Popular,Popular,Popolare,Populer,Populaire,Beliebt,عنصر شعبي,受欢迎的,लोकप्रिय,인기 있는,人気
191,CANCEL/14,ОТМЕНИТЬ/14,İPTAL/14,HỦY/14,CANCELAR/14,CANCELAR/14,ANNULLA/14,BATAL/14,ANNULER/14,ABBRECHEN/14,إلغاء/14,取消/14,रद्द करें/14,취소/14,キャンセル/14
192,RENEW/14,ВОЗОБНОВИТЬ/14,ABONELİĞE/14,GIA HẠN/14,RENOVAR/14,RENOVAÇÃO/14,RINNOVARE/14,LANJUTKAN/14,RENOUVELER/14,ERNEUERN/14,تجديد اشتراكك/14,续订/14,नवीनीकरण/14,갱신/14,継続する/14
193,Shop,Магазин,Mağaza,Cửa hàng,Tienda,Loja,Negozio,Toko,Magasin,Käufe,تسوق,店铺,दुकान,가게,ショップ
194,Image Source,Источник изображений,Görüntü Kaynağı,Nguồn hình ảnh,Fuente de imagen,Fonte da imagem,Fonte immagine,Sumber Gambar,Source des images,Bildquellen,مصدر الصورة,图片来源,छवि स्रोत,이미지 출처,画像ソース
195,Orientation,Ориентация,Oryantasyon,Định hướng,Orientación,Orientação,Orientamento,Orientasi,Orientation,Orientierung,توجه,取向,अभिविन्यास,정위,オリエンテーション
196,Not available in this category./Please choose a different category/20,"Недоступно в этой категории./Пожалуйста, выберите другую категорию/20",Bu kategoride mevcut değil./Lütfen farklı bir kategori seçin/20,Không có sẵn trong danh mục này./Vui lòng chọn một danh mục khác/20,No disponible en esta categoría./Por favor elige una categoría diferente/20,Não disponível nesta categoria./Escolha uma categoria diferente/20,Non disponibile in questa categoria./Si prega di scegliere una categoria diversa/20,Tidak tersedia dalam kategori ini./Silakan pilih kategori yang berbeda/20,Non disponible dans cette catégorie./Veuillez choisir une autre catégorie/20,In dieser Kategorie nicht verfügbar./Bitte wählen Sie eine andere Kategorie/20,غير متوفر في هذه الفئة./الرجاء اختيار فئة مختلفة/20,在此类别中不可用。/请选择其他类别/20,इस श्रेणी में उपलब्ध नहीं है।/कृपया कोई भिन्न श्रेणी चुनें/20,이 카테고리에서는 사용할 수 없습니다./다른 카테고리를 선택하세요./20,このカテゴリでは利用できません。/別のカテゴリを選択してください/20
197,Enter page number:/24,Введите номер страницы:/24,Sayfa numarasını girin:/24,Nhập số trang:/24,Ingrese el número de página:/24,Digite o número da página:/24,Inserisci il numero di pagina:/24,Masukkan nomor halaman:/24,Entrez le numéro de page:/24,Geben Sie die Seitenzahl ein:/24,أدخل رقم الصفحة:/24,输入页码：/24,पृष्ठ संख्या दर्ज करें:/24,페이지 번호 입력:/24,ページ番号を入力:/24
198,Filter,Фильтр,Filtre,Lọc,Filtrar,Filtro,Filtro,Saring,Filtre,Filter,منقي,筛选,फ़िल्टर,필터,フィルタ